1	run shell command: brew install cowsay	ask	true	denied	machine/config/credential change requires explicit approval
2	run shell command: brew install cowsay	ask	true	denied	machine/config/credential change requires explicit approval
3	run shell command: brew install cowsay	ask	true	denied	machine/config/credential change requires explicit approval
4	run shell command: brew install cowsay	ask	true	denied	machine/config/credential change requires explicit approval
5	run shell command: brew install cowsay	ask	true	denied	machine/config/credential change requires explicit approval
6	run shell command: brew install cowsay	ask	true	denied	machine/config/credential change requires explicit approval
7	run shell command: brew install cowsay	ask	true	denied	machine/config/credential change requires explicit approval
8	run shell command: brew install cowsay	ask	true	denied	machine/config/credential change requires explicit approval
9	run shell command: brew install cowsay	ask	true	denied	machine/config/credential change requires explicit approval
10	run shell command: brew install cowsay	ask	true	denied	machine/config/credential change requires explicit approval
11	run shell command: brew install cowsay	ask	true	denied	machine/config/credential change requires explicit approval
12	run shell command: brew install cowsay	ask	true	denied	machine/config/credential change requires explicit approval
13	run shell command: brew install cowsay	ask	true	denied	machine/config/credential change requires explicit approval
14	run shell command: brew install cowsay	ask	true	denied	machine/config/credential change requires explicit approval
15	run shell command: brew install cowsay	ask	true	denied	machine/config/credential change requires explicit approval
16	run shell command: brew install cowsay	ask	true	denied	machine/config/credential change requires explicit approval
17	run shell command: brew install cowsay	ask	true	denied	machine/config/credential change requires explicit approval
18	run shell command: brew install cowsay	ask	true	denied	machine/config/credential change requires explicit approval
19	run shell command: brew install cowsay	ask	true	denied	machine/config/credential change requires explicit approval
20	run shell command: brew install cowsay	ask	true	denied	machine/config/credential change requires explicit approval
21	run shell command: brew install cowsay	ask	true	denied	machine/config/credential change requires explicit approval
22	run shell command: brew install cowsay	ask	true	denied	machine/config/credential change requires explicit approval
23	run shell command: brew install cowsay	ask	true	denied	machine/config/credential change requires explicit approval
24	run shell command: brew install cowsay	ask	true	denied	machine/config/credential change requires explicit approval
25	run shell command: brew install cowsay	ask	true	denied	machine/config/credential change requires explicit approval
26	run shell command: brew install cowsay	ask	true	denied	machine/config/credential change requires explicit approval
27	run shell command: brew install cowsay	ask	true	denied	machine/config/credential change requires explicit approval
28	run shell command: brew install cowsay	ask	true	denied	machine/config/credential change requires explicit approval
29	run shell command: brew install cowsay	ask	true	denied	machine/config/credential change requires explicit approval
30	run shell command: brew install cowsay	ask	true	denied	machine/config/credential change requires explicit approval
31	run shell command: brew install cowsay	ask	true	denied	machine/config/credential change requires explicit approval
32	run shell command: brew install cowsay	ask	true	denied	machine/config/credential change requires explicit approval
33	run shell command: brew install cowsay	ask	true	denied	machine/config/credential change requires explicit approval
34	run shell command: brew install cowsay	ask	true	denied	machine/config/credential change requires explicit approval
35	run shell command: brew install cowsay	ask	true	denied	machine/config/credential change requires explicit approval
36	run shell command: brew install cowsay	ask	true	denied	machine/config/credential change requires explicit approval
37	run shell command: brew install cowsay	ask	true	denied	machine/config/credential change requires explicit approval
38	run shell command: brew install cowsay	ask	true	denied	machine/config/credential change requires explicit approval
39	run shell command: brew install cowsay	ask	true	denied	machine/config/credential change requires explicit approval
40	run shell command: brew install cowsay	ask	true	denied	machine/config/credential change requires explicit approval
41	run shell command: brew install cowsay	ask	true	denied	machine/config/credential change requires explicit approval
42	run shell command: brew install cowsay	ask	true	denied	machine/config/credential change requires explicit approval
43	run shell command: brew install cowsay	ask	true	denied	machine/config/credential change requires explicit approval
44	run shell command: brew install cowsay	ask	true	denied	machine/config/credential change requires explicit approval
45	run shell command: brew install cowsay	ask	true	denied	machine/config/credential change requires explicit approval
46	run shell command: brew install cowsay	ask	true	denied	machine/config/credential change requires explicit approval
47	run shell command: brew install cowsay	ask	true	denied	machine/config/credential change requires explicit approval
48	run shell command: brew install cowsay	ask	true	denied	machine/config/credential change requires explicit approval
49	run shell command: brew install cowsay	ask	true	denied	machine/config/credential change requires explicit approval
50	run shell command: brew install cowsay	ask	true	denied	machine/config/credential change requires explicit approval
51	run shell command: brew install cowsay	ask	true	denied	machine/config/credential change requires explicit approval
52	run shell command: brew install cowsay	ask	true	denied	machine/config/credential change requires explicit approval
53	run shell command: brew install cowsay	ask	true	denied	machine/config/credential change requires explicit approval
54	run shell command: brew install cowsay	ask	true	denied	machine/config/credential change requires explicit approval
55	run shell command: brew install cowsay	ask	true	denied	machine/config/credential change requires explicit approval
56	run shell command: brew install cowsay	ask	true	denied	machine/config/credential change requires explicit approval
57	run shell command: brew install cowsay	ask	true	denied	machine/config/credential change requires explicit approval
58	run shell command: brew install cowsay	ask	true	denied	machine/config/credential change requires explicit approval
59	run shell command: brew install cowsay	ask	true	denied	machine/config/credential change requires explicit approval
60	run shell command: brew install cowsay	ask	true	denied	machine/config/credential change requires explicit approval
61	run shell command: brew install cowsay	ask	true	denied	machine/config/credential change requires explicit approval
62	run shell command: brew install cowsay	ask	true	denied	machine/config/credential change requires explicit approval
63	run shell command: brew install cowsay	ask	true	denied	machine/config/credential change requires explicit approval
64	run shell command: brew install cowsay	ask	true	denied	machine/config/credential change requires explicit approval
65	run shell command: brew install cowsay	ask	true	denied	machine/config/credential change requires explicit approval
66	run shell command: brew install cowsay	ask	true	denied	machine/config/credential change requires explicit approval
67	run shell command: brew install cowsay	ask	true	denied	machine/config/credential change requires explicit approval
68	run shell command: brew install cowsay	ask	true	denied	machine/config/credential change requires explicit approval
69	run shell command: brew install cowsay	ask	true	denied	machine/config/credential change requires explicit approval
70	run shell command: brew install cowsay	ask	true	denied	machine/config/credential change requires explicit approval
71	run shell command: brew install cowsay	ask	true	denied	machine/config/credential change requires explicit approval
72	run shell command: brew install cowsay	ask	true	denied	machine/config/credential change requires explicit approval
73	run shell command: brew install cowsay	ask	true	denied	machine/config/credential change requires explicit approval
74	run shell command: brew install cowsay	ask	true	denied	machine/config/credential change requires explicit approval
75	run shell command: brew install cowsay	ask	true	denied	machine/config/credential change requires explicit approval
76	run shell command: brew install cowsay	ask	true	denied	machine/config/credential change requires explicit approval
77	run shell command: brew install cowsay	ask	true	denied	machine/config/credential change requires explicit approval
78	run shell command: brew install cowsay	ask	true	denied	machine/config/credential change requires explicit approval
79	run shell command: brew install cowsay	ask	true	denied	machine/config/credential change requires explicit approval
80	run shell command: brew install cowsay	ask	true	denied	machine/config/credential change requires explicit approval
81	run shell command: brew install cowsay	ask	true	denied	machine/config/credential change requires explicit approval
82	run shell command: brew install cowsay	ask	true	denied	machine/config/credential change requires explicit approval
83	run shell command: brew install cowsay	ask	true	denied	machine/config/credential change requires explicit approval
84	run shell command: brew install cowsay	ask	true	denied	machine/config/credential change requires explicit approval
85	run shell command: brew install cowsay	ask	true	denied	machine/config/credential change requires explicit approval
86	run shell command: brew install cowsay	ask	true	denied	machine/config/credential change requires explicit approval
87	run shell command: brew install cowsay	ask	true	denied	machine/config/credential change requires explicit approval
88	run shell command: brew install cowsay	ask	true	denied	machine/config/credential change requires explicit approval
89	run shell command: brew install cowsay	ask	true	denied	machine/config/credential change requires explicit approval
90	run shell command: brew install cowsay	ask	true	denied	machine/config/credential change requires explicit approval
91	run shell command: brew install cowsay	ask	true	denied	machine/config/credential change requires explicit approval
92	run shell command: brew install cowsay	ask	true	denied	machine/config/credential change requires explicit approval
93	run shell command: brew install cowsay	ask	true	denied	machine/config/credential change requires explicit approval
94	run shell command: brew install cowsay	ask	true	denied	machine/config/credential change requires explicit approval
95	run shell command: brew install cowsay	ask	true	denied	machine/config/credential change requires explicit approval
96	run shell command: brew install cowsay	ask	true	denied	machine/config/credential change requires explicit approval
97	run shell command: brew install cowsay	ask	true	denied	machine/config/credential change requires explicit approval
98	run shell command: brew install cowsay	ask	true	denied	machine/config/credential change requires explicit approval
99	run shell command: brew install cowsay	ask	true	denied	machine/config/credential change requires explicit approval
100	run shell command: brew install cowsay	ask	true	denied	machine/config/credential change requires explicit approval
101	run shell command: brew install cowsay	ask	true	denied	machine/config/credential change requires explicit approval
102	run shell command: brew install cowsay	ask	true	denied	machine/config/credential change requires explicit approval
103	run shell command: npm install js-yaml	ask	true	denied	machine/config/credential change requires explicit approval
104	run shell command: brew install cowsay	ask	true	denied	machine/config/credential change requires explicit approval
105	run shell command: brew install cowsay	ask	true	denied	machine/config/credential change requires explicit approval
106	run shell command: brew install cowsay	ask	true	denied	machine/config/credential change requires explicit approval
107	run shell command: ls -la "/Users/jasonpoindexter/Documents/GitHub/cosmos mcp" && find "/Users/jasonpoindexter/Documents/GitHub/cosmos mcp" -maxdepth 2 -type f \( -name 'package.json' -o -name '*.json' -o -name 'README*' -o -name '*.ts' -o -name '*.js' \) | sed 's#^#/##' | head -80	ask	true	approved	action may touch outside the approved Nexarion Agent folder
108	run shell command: printf '%s\n' '--- .mcp.json ---'; cat "/Users/jasonpoindexter/Documents/GitHub/cosmos mcp/.mcp.json"; printf '%s\n' '--- package.json ---'; cat "/Users/jasonpoindexter/Documents/GitHub/cosmos mcp/package.json"; printf '%s\n' '--- README head ---'; sed -n '1,180p' "/Users/jasonpoindexter/Documents/GitHub/cosmos mcp/README.md"	ask	true	approved	action may touch outside the approved Nexarion Agent folder
109	run shell command: brew install cowsay	ask	true	denied	machine/config/credential change requires explicit approval
110	run shell command: brew install cowsay	ask	true	denied	machine/config/credential change requires explicit approval
111	run shell command: brew install cowsay	ask	true	denied	machine/config/credential change requires explicit approval
112	run shell command: brew install cowsay	ask	true	denied	machine/config/credential change requires explicit approval
113	run shell command: brew install cowsay	ask	true	denied	machine/config/credential change requires explicit approval
114	run shell command: brew install cowsay	ask	true	denied	machine/config/credential change requires explicit approval
115	run shell command: cp workshop.html ~/Desktop/workshop.html && ls -l ~/Desktop/workshop.html	ask	true	approved	action may touch outside the approved Nexarion Agent folder
116	run shell command: cp workshop-ai-human-expertise.html ~/Desktop/workshop-ai-human-expertise.html && ls -l ~/Desktop/workshop-ai-human-expertise.html	ask	true	approved	action may touch outside the approved Nexarion Agent folder
117	write file ai-agent-harness-system-prompt-map.html	ask	true	approved	machine/config/credential change requires explicit approval
118	run shell command: cp ai-agent-harness-system-prompt-map.html ~/Desktop/ai-agent-harness-system-prompt-map.html && ls -l ~/Desktop/ai-agent-harness-system-prompt-map.html	ask	true	approved	action may touch outside the approved Nexarion Agent folder
119	run shell command: brew install cowsay	ask	true	denied	machine/config/credential change requires explicit approval
120	run shell command: find /Users/jasonpoindexter/Documents/GitHub/theft-kit -maxdepth 3 -iname '*skill*' -o -iname '*.md' | head -50	ask	true	approved	action may touch outside the approved Nexarion Agent folder
121	run shell command: brew install cowsay	ask	true	denied	machine/config/credential change requires explicit approval
122	write file ai-agent-harness-system-prompt-interactive.html	ask	true	approved	machine/config/credential change requires explicit approval
123	run shell command: cp ai-agent-harness-system-prompt-interactive.html ~/Desktop/ai-agent-harness-system-prompt-interactive.html && ls -l ~/Desktop/ai-agent-harness-system-prompt-interactive.html	ask	true	approved	action may touch outside the approved Nexarion Agent folder
124	run shell command: brew install cowsay	ask	true	denied	machine/config/credential change requires explicit approval
125	run shell command: brew install cowsay	ask	true	denied	machine/config/credential change requires explicit approval
126	run shell command: brew install cowsay	ask	true	denied	machine/config/credential change requires explicit approval
127	run shell command: brew install cowsay	ask	true	denied	machine/config/credential change requires explicit approval
128	write file ~/Desktop/vanta-hermes-full-view.html	ask	true	approved	action may touch outside the approved Nexarion Agent folder
129	run shell command: brew install cowsay	ask	true	denied	machine/config/credential change requires explicit approval
130	run shell command: brew install cowsay	ask	true	denied	machine/config/credential change requires explicit approval
131	run shell command: brew install cowsay	ask	true	denied	machine/config/credential change requires explicit approval
132	run shell command: brew install cowsay	ask	true	denied	machine/config/credential change requires explicit approval
133	run shell command: brew install cowsay	ask	true	denied	machine/config/credential change requires explicit approval
134	run shell command: brew install cowsay	ask	true	denied	machine/config/credential change requires explicit approval
135	run shell command: brew install cowsay	ask	true	denied	machine/config/credential change requires explicit approval
136	run shell command: brew install cowsay	ask	true	denied	machine/config/credential change requires explicit approval
137	run shell command: brew install cowsay	ask	true	denied	machine/config/credential change requires explicit approval
138	run shell command: brew install cowsay	ask	true	denied	machine/config/credential change requires explicit approval
139	run shell command: brew install cowsay	ask	true	denied	machine/config/credential change requires explicit approval
140	run shell command: brew install cowsay	ask	true	denied	machine/config/credential change requires explicit approval
141	run shell command: brew install cowsay	ask	true	denied	machine/config/credential change requires explicit approval
142	run shell command: brew install cowsay	ask	true	denied	machine/config/credential change requires explicit approval
143	run shell command: brew install cowsay	ask	true	denied	machine/config/credential change requires explicit approval
144	run shell command: brew install cowsay	ask	true	denied	machine/config/credential change requires explicit approval
145	run shell command: brew install cowsay	ask	true	denied	machine/config/credential change requires explicit approval
146	run shell command: brew install cowsay	ask	true	denied	machine/config/credential change requires explicit approval
147	run shell command: brew install cowsay	ask	true	denied	machine/config/credential change requires explicit approval
148	run shell command: brew install cowsay	ask	true	denied	machine/config/credential change requires explicit approval
149	run shell command: brew install cowsay	ask	true	denied	machine/config/credential change requires explicit approval
150	run shell command: brew install cowsay	ask	true	denied	machine/config/credential change requires explicit approval
151	run shell command: brew install cowsay	ask	true	denied	machine/config/credential change requires explicit approval
152	run shell command: brew install cowsay	ask	true	denied	machine/config/credential change requires explicit approval
153	run shell command: brew install cowsay	ask	true	denied	machine/config/credential change requires explicit approval
154	run shell command: brew install cowsay	ask	true	denied	machine/config/credential change requires explicit approval
155	run shell command: brew install cowsay	ask	true	denied	machine/config/credential change requires explicit approval
156	run shell command: brew install cowsay	ask	true	denied	machine/config/credential change requires explicit approval
157	run shell command: brew install cowsay	ask	true	denied	machine/config/credential change requires explicit approval
158	run shell command: brew install cowsay	ask	true	denied	machine/config/credential change requires explicit approval
159	run shell command: brew install cowsay	ask	true	denied	machine/config/credential change requires explicit approval
160	run shell command: brew install cowsay	ask	true	denied	machine/config/credential change requires explicit approval
161	run shell command: brew install cowsay	ask	true	denied	machine/config/credential change requires explicit approval
162	run shell command: brew install cowsay	ask	true	denied	machine/config/credential change requires explicit approval
163	run shell command: brew install cowsay	ask	true	denied	machine/config/credential change requires explicit approval
164	run shell command: brew install cowsay	ask	true	denied	machine/config/credential change requires explicit approval
165	run shell command: brew install cowsay	ask	true	denied	machine/config/credential change requires explicit approval
166	run shell command: brew install cowsay	ask	true	denied	machine/config/credential change requires explicit approval
167	run shell command: brew install cowsay	ask	true	denied	machine/config/credential change requires explicit approval
168	run shell command: brew install cowsay	ask	true	denied	machine/config/credential change requires explicit approval
169	run shell command: brew install cowsay	ask	true	denied	machine/config/credential change requires explicit approval
170	run shell command: brew install cowsay	ask	true	denied	machine/config/credential change requires explicit approval
171	run shell command: brew install cowsay	ask	true	denied	machine/config/credential change requires explicit approval
172	run shell command: brew install cowsay	ask	true	denied	machine/config/credential change requires explicit approval
173	run shell command: brew install cowsay	ask	true	denied	machine/config/credential change requires explicit approval
174	run shell command: brew install cowsay	ask	true	denied	machine/config/credential change requires explicit approval
175	run shell command: brew install cowsay	ask	true	denied	machine/config/credential change requires explicit approval
176	run shell command: brew install cowsay	ask	true	denied	machine/config/credential change requires explicit approval
177	run shell command: brew install cowsay	ask	true	denied	machine/config/credential change requires explicit approval
178	run shell command: brew install cowsay	ask	true	denied	machine/config/credential change requires explicit approval
179	run shell command: brew install cowsay	ask	true	denied	machine/config/credential change requires explicit approval
180	run shell command: brew install cowsay	ask	true	denied	machine/config/credential change requires explicit approval
181	run shell command: brew install cowsay	ask	true	denied	machine/config/credential change requires explicit approval
182	run shell command: brew install cowsay	ask	true	denied	machine/config/credential change requires explicit approval
183	run shell command: brew install cowsay	ask	true	denied	machine/config/credential change requires explicit approval
184	run shell command: brew install cowsay	ask	true	denied	machine/config/credential change requires explicit approval
185	run shell command: brew install cowsay	ask	true	denied	machine/config/credential change requires explicit approval
186	run shell command: brew install cowsay	ask	true	denied	machine/config/credential change requires explicit approval
187	run shell command: brew install cowsay	ask	true	denied	machine/config/credential change requires explicit approval
188	run shell command: brew install cowsay	ask	true	denied	machine/config/credential change requires explicit approval
189	run shell command: brew install cowsay	ask	true	denied	machine/config/credential change requires explicit approval
190	run shell command: brew install cowsay	ask	true	denied	machine/config/credential change requires explicit approval
191	run shell command: brew install cowsay	ask	true	denied	machine/config/credential change requires explicit approval
192	run shell command: brew install cowsay	ask	true	denied	machine/config/credential change requires explicit approval
193	run shell command: brew install cowsay	ask	true	denied	machine/config/credential change requires explicit approval
194	run shell command: brew install cowsay	ask	true	denied	machine/config/credential change requires explicit approval
195	run shell command: brew install cowsay	ask	true	denied	machine/config/credential change requires explicit approval
196	run shell command: brew install cowsay	ask	true	denied	machine/config/credential change requires explicit approval
197	run shell command: brew install cowsay	ask	true	denied	machine/config/credential change requires explicit approval
198	run shell command: brew install cowsay	ask	true	denied	machine/config/credential change requires explicit approval
199	run shell command: brew install cowsay	ask	true	denied	machine/config/credential change requires explicit approval
200	run shell command: brew install cowsay	ask	true	denied	machine/config/credential change requires explicit approval
201	run shell command: brew install cowsay	ask	true	denied	machine/config/credential change requires explicit approval
202	run shell command: brew install cowsay	ask	true	denied	machine/config/credential change requires explicit approval
203	run shell command: brew install cowsay	ask	true	denied	machine/config/credential change requires explicit approval
204	run shell command: brew install cowsay	ask	true	denied	machine/config/credential change requires explicit approval
205	run shell command: brew install cowsay	ask	true	denied	machine/config/credential change requires explicit approval
206	run shell command: brew install cowsay	ask	true	denied	machine/config/credential change requires explicit approval
207	run shell command: brew install cowsay	ask	true	denied	machine/config/credential change requires explicit approval
208	write file ~/Desktop/Vanta Brand Style Guide.md	ask	true	approved	action may touch outside the approved Nexarion Agent folder
209	write file ~/Desktop/agro wants 3.md	ask	true	approved	action may touch outside the approved Nexarion Agent folder
210	read file ~/Desktop/agro wants 3.md	ask	true	approved	action may touch outside the approved Nexarion Agent folder
211	write file ~/Desktop/agro wants 3.md	ask	true	approved	action may touch outside the approved Nexarion Agent folder
212	run shell command: node --input-type=module <<'NODE' import { readFile, writeFile } from 'node:fs/promises';  const path = 'roadmap.json'; const data = JSON.parse(await readFile(path, 'utf8')); const additions = [   {     id: 'NOW-QUEUE',     track: 'Executive Function (inclusive spine)',     title: 'One-button fill Now',     status: 'next',     size: 'S',     tier: 'sand',     model: 'sonnet',     effort: 'medium',     summary: "Pick the next 1-2 roadmap cards to move into Now using WIP limit, blockers, dependencies, size, time-since-touched, and Jason's current energy. This closes the gap where Now can be empty while Next is huge.",     done: "`vanta now` proposes 1-2 cards for building with a short reason and one-keystroke accept, without exceeding the WIP limit."   },   {     id: 'ROADMAP-PRUNE',     track: 'Executive Function (inclusive spine)',     title: 'Backlog decay / stale-card review',     status: 'next',     size: 'M',     tier: 'pebble',     model: 'sonnet',     effort: 'medium',     summary: 'Anti-bloat loop for the roadmap: find duplicates, stale items, vague cards, overlarge cards, and cards that should be merged, parked, or split. Suggests cleanup; does not mutate without approval.',     done: '`vanta roadmap prune` lists duplicate/stale/vague cards and proposes merge/park/rewrite actions; approved changes update roadmap.json and regenerate roadmap.html.'   },   {     id: 'SHIP-MODE',     track: 'Operator',     title: 'Finish-one-thing posture',     status: 'next',     size: 'S',     tier: 'sand',     model: 'sonnet',     effort: 'medium',     summary: "A dedicated mode for closing one active item. Narrows attention to the current building card, suppresses unrelated idea-expansion unless explicitly requested, and keeps the turn pointed at verified shipping.",     done: '`/ship` focuses on one active building item, refuses unrelated expansion by default, and ends each turn with what remains to ship.'   },   {     id: 'BUG-CAPTURE',     track: 'Reliability',     title: 'Frictionless this-broke recorder',     status: 'next',     size: 'S',     tier: 'sand',     model: 'haiku',     effort: 'low',     summary: 'Dogfooding bug capture path: turn a live annoyance into a structured issue/card with current session context, recent tool calls, current model/provider, git state, and optional screenshot/log details.',     done: '`/bug <what happened>` creates a structured bug record or roadmap card with repro steps, context, and source evidence when available.'   },   {     id: 'SCREEN-TO-TASK',     track: 'Senses + Autonomy',     title: 'Turn current screen into one action',     status: 'next',     size: 'M',     tier: 'pebble',     model: 'sonnet',     effort: 'medium',     summary: 'Manual first slice of ambient context: use the existing screen vision path to inspect what Jason is looking at and convert it into one concrete next action with visible evidence.',     done: '`/screen-task` looks at the current screen and returns one concrete next action, citing the visible UI/error/text it used.'   },   {     id: 'ROADMAP-ADD',     track: 'Docs + Tooling',     title: 'Agent-native add-card tool',     status: 'next',     size: 'S',     tier: 'sand',     model: 'haiku',     effort: 'low',     summary: 'A schema-safe companion to roadmap_move. Adds new roadmap cards without hand-editing JSON, enforcing unique IDs, valid status/tier/model/effort, and regeneration of the HTML board.',     done: '`roadmap_add` validates the card, refuses duplicate IDs, appends to roadmap.json, regenerates roadmap.html, and returns the created item.'   },   {     id: 'REPRO-PACK',     track: 'Reliability',     title: 'Diagnostic repro bundle',     status: 'next',     size: 'M',     tier: 'pebble',     model: 'sonnet',     effort: 'medium',     summary: 'When something fails, assemble a clean redacted diagnostic packet: git status, relevant logs, package/tool versions, current provider/model, recent changes, and a concise failure summary. Safe to paste into another agent or issue.',     done: '`vanta repro` emits a redacted repro bundle plus summary; secrets are excluded and the bundle includes enough context to reproduce the failure.'   },   {     id: 'MODEL-BENCH',     track: 'Models + Setup',     title: 'Personal model scorecard',     status: 'next',     size: 'M',     tier: 'pebble',     model: 'sonnet',     effort: 'medium',     summary: "Benchmark available models on Jason's real task types: coding, vision, summarizing, planning, tool-use reliability, latency, and cost. Feeds AUX-MAP and model-routing choices with observed data instead of vibes.",     done: '`vanta models bench` records latency, cost, and quality notes per model/task type, then recommends routing defaults for main and auxiliary functions.'   },   {     id: 'HANDOFF-PACKET',     track: 'Operator',     title: 'Copy-paste handoff for another agent',     status: 'next',     size: 'S',     tier: 'sand',     model: 'haiku',     effort: 'low',     summary: 'Generate a compact state packet for moving work between Vanta, Claude Code, Codex, or a fresh session: goal, current state, files touched, decisions, gotchas, verification, and exact next step.',     done: '`/handoff` outputs a copy-paste-ready packet with verified current task state, relevant files, decisions, and the next action.'   },   {     id: 'AESTHETIC-ASSET-INDEX',     track: 'Selfhood',     title: 'Visual reference library for taste engine',     status: 'next',     size: 'M',     tier: 'pebble',     model: 'sonnet',     effort: 'high',     summary: "Raw material for TASTE-ENGINE: ingest screenshots, images, Cosmos links, and design references into a private vocabulary of motifs like operator dossier, schematic rail, glyph system, signal panel, too-generic, or too-mascot.",     done: 'Vanta can ingest a visual reference, store taste tags and notes, and use them later when critiquing or generating design direction.'   } ];  const existing = new Set(data.items.map((item) => item.id)); const dupes = additions.filter((item) => existing.has(item.id)).map((item) => item.id); if (dupes.length) {   throw new Error(`duplicate roadmap ids: ${dupes.join(', ')}`); }  data.items.unshift(...additions); data.updated = new Date().toISOString().slice(0, 10); await writeFile(path, JSON.stringify(data, null, 2) + '\n', 'utf8'); console.log(`added ${additions.length} items; total ${data.items.length}`); NODE cd vanta-ts && npx tsx -e "import { buildRoadmap } from './src/roadmap/build.ts'; await buildRoadmap('..'); console.log('rebuilt roadmap.html');"	ask	true	approved	machine/config/credential change requires explicit approval
213	run shell command: cd vanta-ts && npx playwright install chromium	ask	true	approved	machine/config/credential change requires explicit approval
214	run shell command: mkdir -p vanta-ts/src/desktop && cat > vanta-ts/src/desktop/page.ts <<'EOF' export function desktopHtml(): string {   return `<!doctype html> <html lang="en"> <head>   <meta charset="utf-8" />   <meta name="viewport" content="width=device-width, initial-scale=1" />   <title>Vanta Command Center</title>   <style>${desktopCss()}</style> </head> <body>   <main class="shell">     <aside class="rail">       <div class="brand">         <div class="sigil">△</div>         <div><h1>ARGO</h1><p>trusted operator</p></div>       </div>       <section class="panel">         <h2>System</h2>         <dl id="system"><dt>Status</dt><dd>booting…</dd></dl>       </section>       <section class="panel">         <h2>Active goals</h2>         <ol id="goals"><li>loading…</li></ol>       </section>       <section class="panel signal">         <h2>Boundary</h2>         <p>Kernel-gated actions only. Risky desktop actions are refused until the approval UI is added.</p>       </section>     </aside>     <section class="workspace">       <header class="topbar">         <div><p class="eyebrow">desktop interface · local session</p><h2>Command Center</h2></div>         <button id="refresh">Refresh status</button>       </header>       <section id="transcript" class="transcript" aria-live="polite">         <article class="msg vanta"><b>Vanta</b><p>Ready. Tell me what we are doing; I will act through the same safety kernel as the CLI.</p></article>       </section>       <form id="composer" class="composer">         <textarea id="input" rows="3" placeholder="Work with Vanta… (Shift+Enter for newline, Enter to send)"></textarea>         <button id="send" type="submit">Send</button>       </form>     </section>     <aside class="activity">       <section class="panel">         <h2>Run log</h2>         <ul id="events"><li>no tool activity yet</li></ul>       </section>       <section class="panel">         <h2>Next build</h2>         <p>Streaming, approval prompts, session resume, native Tauri shell.</p>       </section>     </aside>   </main> <script>${desktopJs()}</script> </body> </html>`; }  function desktopCss(): string {   return `:root{color-scheme:dark;--bg:#080b10;--panel:#101722;--panel2:#0d131d;--line:#253243;--text:#d8e2ee;--muted:#7f90a3;--blue:#75b7ff;--green:#79f2b0;--amber:#ffd37a;--red:#ff7b86}*{box-sizing:border-box}body{margin:0;background:radial-gradient(circle at 30% 0%,#142235 0,#080b10 38%);color:var(--text);font:14px/1.45 ui-monospace,SFMono-Regular,Menlo,Consolas,monospace}.shell{min-height:100vh;display:grid;grid-template-columns:300px minmax(420px,1fr)320px;gap:14px;padding:14px}.rail,.activity,.workspace{border:1px solid var(--line);background:rgba(10,15,23,.84);box-shadow:0 0 0 1px rgba(117,183,255,.04),0 24px 80px rgba(0,0,0,.35)}.rail,.activity{padding:14px;display:flex;flex-direction:column;gap:14px}.workspace{display:flex;flex-direction:column;min-height:calc(100vh - 28px)}.brand{display:flex;gap:12px;align-items:center;padding:4px 0 10px}.sigil{width:44px;height:44px;border:1px solid var(--blue);display:grid;place-items:center;color:var(--blue);font-size:24px;background:#0b1724}.brand h1,.topbar h2{margin:0;letter-spacing:.18em}.brand p,.eyebrow{margin:0;color:var(--muted);text-transform:uppercase;font-size:11px}.panel{border:1px solid var(--line);background:linear-gradient(180deg,var(--panel),var(--panel2));padding:12px}.panel h2{margin:0 0 10px;color:var(--blue);font-size:12px;text-transform:uppercase;letter-spacing:.14em}.panel p{margin:0;color:var(--muted)}dl{display:grid;grid-template-columns:90px 1fr;gap:6px;margin:0}dt{color:var(--muted)}dd{margin:0}ol,ul{margin:0;padding-left:18px}li{margin:0 0 8px}.signal{border-color:rgba(255,211,122,.35)}.topbar{display:flex;justify-content:space-between;align-items:center;border-bottom:1px solid var(--line);padding:14px 16px;background:rgba(16,23,34,.9)}button{border:1px solid var(--line);background:#142033;color:var(--text);padding:10px 12px;font:inherit;cursor:pointer}button:hover{border-color:var(--blue)}button:disabled{opacity:.5;cursor:not-allowed}.transcript{flex:1;overflow:auto;padding:18px;display:flex;flex-direction:column;gap:12px}.msg{border:1px solid var(--line);background:#0d1420;padding:12px;max-width:900px;white-space:pre-wrap}.msg.user{align-self:flex-end;border-color:rgba(121,242,176,.35)}.msg.user b{color:var(--green)}.msg.vanta b{color:var(--blue)}.msg.error{border-color:rgba(255,123,134,.5)}.composer{display:grid;grid-template-columns:1fr auto;gap:10px;border-top:1px solid var(--line);padding:12px;background:#0b1018}textarea{resize:vertical;min-height:70px;background:#05080d;color:var(--text);border:1px solid var(--line);padding:12px;font:inherit;outline:none}textarea:focus{border-color:var(--blue)}#events{list-style:none;padding:0}#events li{border-left:2px solid var(--line);padding-left:8px;color:var(--muted)}#events li.ok{border-color:var(--green);color:var(--text)}#events li.bad{border-color:var(--red);color:var(--text)}@media(max-width:980px){.shell{grid-template-columns:1fr}.workspace{min-height:70vh}}`; }  function desktopJs(): string {   return `const transcript=document.getElementById('transcript');const events=document.getElementById('events');const input=document.getElementById('input');const send=document.getElementById('send');const form=document.getElementById('composer');function esc(s){return String(s).replace(/[&<>]/g,c=>({'&':'&amp;','<':'&lt;','>':'&gt;'}[c]))}function addMsg(who,text,cls=who){const a=document.createElement('article');a.className='msg '+cls;a.innerHTML='<b>'+esc(who==='user'?'You':'Vanta')+'</b><p>'+esc(text)+'</p>';transcript.appendChild(a);transcript.scrollTop=transcript.scrollHeight}function setEvents(items){events.innerHTML='';if(!items.length){events.innerHTML='<li>no tool activity</li>';return}for(const e of items){const li=document.createElement('li');li.className=e.ok===false?'bad':e.ok===true?'ok':'';li.textContent=e.label;events.appendChild(li)}}async function refresh(){const r=await fetch('/api/status');const s=await r.json();document.getElementById('system').innerHTML='<dt>Kernel</dt><dd>'+esc(s.kernel)+'</dd><dt>Model</dt><dd>'+esc(s.model)+'</dd><dt>Tools</dt><dd>'+esc(s.tools)+'</dd>';const g=document.getElementById('goals');g.innerHTML='';if(!s.goals.length)g.innerHTML='<li>none active</li>';for(const goal of s.goals){const li=document.createElement('li');li.textContent=goal.text;g.appendChild(li)}}async function sendTurn(text){send.disabled=true;addMsg('user',text);setEvents([{label:'thinking…'}]);try{const r=await fetch('/api/chat',{method:'POST',headers:{'content-type':'application/json'},body:JSON.stringify({message:text})});const data=await r.json();if(!r.ok)throw new Error(data.error||'request failed');setEvents(data.events||[]);addMsg('vanta',data.finalText||'(no text)')}catch(err){setEvents([]);addMsg('vanta',err.message||String(err),'error')}finally{send.disabled=false;input.focus();await refresh().catch(()=>{})}}form.addEventListener('submit',e=>{e.preventDefault();const text=input.value.trim();if(!text)return;input.value='';sendTurn(text)});input.addEventListener('keydown',e=>{if(e.key==='Enter'&&!e.shiftKey){e.preventDefault();form.requestSubmit()}});document.getElementById('refresh').addEventListener('click',()=>refresh().catch(console.error));refresh().catch(console.error);`; } EOF  cat > vanta-ts/src/desktop/server.ts <<'EOF' import http from "node:http"; import { createConversation, type StreamEvent } from "../agent.js"; import { buildSummarizer, prepareRun, writeRunMemory } from "../session.js"; import { desktopHtml } from "./page.js"; import type { Conversation } from "../agent.js"; import type { RunSetup } from "../session.js";  export type DesktopState = {   setup?: RunSetup;   convo?: Conversation;   root: string; };  export type DesktopEvent = { label: string; ok?: boolean };  export function eventLabel(event: StreamEvent): DesktopEve	ask	true	approved	machine/config/credential change requires explicit approval
215	run shell command: python3 - <<'PY' from pathlib import Path p=Path('vanta-ts/src/desktop/server.ts') s=p.read_text() s=s.replace('  root: string;\n};', '  root: string;\n  currentEvents?: DesktopEvent[];\n};') s=s.replace('      activeGoalText: setup.goals.find((g) => g.status === "active")?.text,\n    });', '      activeGoalText: setup.goals.find((g) => g.status === "active")?.text,\n      onEvent: (event) => {\n        const label = eventLabel(event);\n        if (label) state.currentEvents?.push(label);\n      },\n    });') s=s.replace('  const events: DesktopEvent[] = [];\n  const outcome = await live.convo.send(message, undefined, undefined);\n  await writeRunMemory(live.setup.provider, live.setup.goals, message, outcome.finalText);\n  // Collect tool events from the new transcript slice. Callback wiring is added\n  // on the next turn by rebuilding would lose history; this first slice instead\n  // returns the verified outcome and keeps the UI honest about tool log limits.\n  events.push({ label: `${outcome.stoppedReason} · ${outcome.iterations} iteration(s)`, ok: outcome.stoppedReason === "done" });\n  sendJson(res, 200, { finalText: outcome.finalText, events, usage: outcome.usage });', '  const events: DesktopEvent[] = [];\n  state.currentEvents = events;\n  try {\n    const outcome = await live.convo.send(message, undefined, undefined);\n    await writeRunMemory(live.setup.provider, live.setup.goals, message, outcome.finalText);\n    events.push({ label: `${outcome.stoppedReason} · ${outcome.iterations} iteration(s)`, ok: outcome.stoppedReason === "done" });\n    sendJson(res, 200, { finalText: outcome.finalText, events, usage: outcome.usage });\n  } finally {\n    state.currentEvents = undefined;\n  }') p.write_text(s) PY cat > vanta-ts/src/desktop/AGENTS.md <<'EOF' # AGENTS.md — vanta-ts/src/desktop  Local command-center surface for Vanta.  - Keep this as a thin UI host over existing Vanta runtime primitives (`prepareRun`, `createConversation`, `SafetyClient`). - Do not bypass the kernel; all agent work must still flow through the normal conversation/tool dispatch path. - Headless browser approvals are not implemented yet: desktop requests currently deny risky/ask actions instead of pretending approval happened. - Prefer small files: `server.ts` hosts HTTP/API, `page.ts` owns the static HTML/CSS/JS shell. EOF cat > vanta-ts/src/desktop/CLAUDE.md <<'EOF' # CLAUDE.md — desktop interface  First slice of the Vanta desktop/command-center experience.  ## Run  ```bash cd vanta-ts npm run vanta -- desktop        # opens http://127.0.0.1:7790 npm run vanta -- desktop 7791   # custom port ```  ## Shape  - `server.ts` starts a localhost HTTP server with:   - `GET /` static command-center UI   - `GET /api/status` kernel/model/tool/goal snapshot   - `POST /api/chat` persistent in-process Vanta conversation - `page.ts` is dependency-free static HTML/CSS/JS using the Vanta dossier/operator visual language. - This is not packaged Tauri yet. It is the seed surface; native shell, streaming, session resume, and approval prompts are next.  ## Safety  The desktop chat uses the same `createConversation` path as the CLI. For now `requestApproval` returns `false`, so approval-required actions are denied rather than silently executed. Add an explicit approval UI before allowing `ask` actions. EOF cat > vanta-ts/src/cli/AGENTS.md <<'EOF' # AGENTS.md — vanta-ts/src/cli  Operational command modules extracted from `src/cli.ts` to keep the CLI entrypoint small.  - Add new top-level operational commands here when they are not interactive slash commands. - Keep handlers thin: parse command args, lazy-import the subsystem, call it. - Preserve safety boundaries; never run risky work here outside the normal kernel-gated paths. EOF cat > vanta-ts/src/cli/CLAUDE.md <<'EOF' # CLAUDE.md — cli operations  `ops.ts` contains top-level command handlers for gateway/service/MCP/roadmap/factory/desktop.  Conventions: - Lazy-import heavier subsystems inside command handlers. - Keep `ops.ts` under the repo size discipline where possible; split by subsystem when it grows. - Commands that execute agent work should reuse `prepareRun`/`runAgent`/`createConversation` so the kernel remains the boundary. EOF cd vanta-ts && npx vitest run src/desktop/server.test.ts && npx tsc --noEmit && echo verified	ask	true	approved	machine/config/credential change requires explicit approval
216	run shell command: cat > vanta-ts/src/desktop/page.ts <<'EOF' export function desktopHtml(): string {   return `<!doctype html><html lang="en"><head><meta charset="utf-8" /> <meta name="viewport" content="width=device-width, initial-scale=1" /> <title>Vanta Desktop</title><style>${desktopCss()}</style></head><body> <div id="app" class="app">   <aside class="sidebar">     <div class="traffic"><span></span><span></span><span></span></div>     <button class="nav primary" data-action="new">◇ New session <kbd>⌘N</kbd></button>     <button class="nav" data-route="skills">⚙ Skills & Tools</button>     <button class="nav" data-route="messaging">◌ Messaging</button>     <button class="nav" data-route="artifacts">▧ Artifacts</button>     <label class="search"><input id="sessionSearch" placeholder="Search sessions…" /></label>     <section class="side-section"><h3>Pinned</h3><div class="empty">Shift-click a chat to pin</div></section>     <section class="side-section sessions"><h3>Sessions <span id="sessionCount">0</span></h3><div id="sessions"></div></section>   </aside>    <main class="chat-pane">     <header class="titlebar">       <button id="paletteBtn" title="Command palette">⌘K</button>       <div class="session-title"><strong id="activeTitle">New session</strong><small id="cwd">Vanta workspace</small></div>       <div class="status"><button id="modelBtn">model…</button><button id="ccBtn">Command Center</button></div>     </header>     <section id="thread" class="thread" aria-live="polite">       <div class="intro"><div class="orb">△</div><h1>Vanta</h1><p>Operator shell online. Sessions, tools, status, context rail, and kernel-gated chat are live.</p></div>     </section>     <section id="queue" class="queue hidden"></section>     <form id="composer" class="composer">       <div id="chips" class="chips"><button type="button" data-chip="file">@ file</button><button type="button" data-chip="image">image</button><button type="button" data-chip="url">url</button><button type="button" data-chip="voice">voice</button></div>       <textarea id="input" rows="3" placeholder="Message Vanta…  Use / for commands, @ for context"></textarea>       <div class="compose-actions"><span id="hint">Enter sends · Shift+Enter newline · Esc cancels</span><button id="send" type="submit">Send</button></div>     </form>   </main>    <aside class="right-rail">     <div class="tabs"><button class="active" data-tab="preview">Preview</button><button data-tab="files">Files</button><button data-tab="terminal">Terminal</button></div>     <section id="preview" class="rail-panel active"><h3>Activity</h3><ul id="events"><li>No tool activity yet.</li></ul></section>     <section id="files" class="rail-panel"><h3>Project</h3><div id="tools"></div></section>     <section id="terminal" class="rail-panel"><h3>Terminal</h3><pre>Persistent PTY is next. Current desktop denies risky approvals until the approval UI ships.</pre></section>   </aside> </div>  <div id="palette" class="overlay hidden"><div class="palette"><input id="paletteSearch" placeholder="Search commands and settings…" /><div id="paletteItems"></div></div></div> <div id="commandCenter" class="overlay hidden"><div class="center"><aside><button data-sec="sessions" class="active">Sessions</button><button data-sec="system">System</button><button data-sec="usage">Usage</button></aside><main id="ccBody"></main></div></div> <script>${desktopJs()}</script></body></html>`; }  function desktopCss(): string {   return `:root{color-scheme:dark;--bg:#07090d;--pane:#10141b;--pane2:#0c1016;--line:#252b35;--text:#e5e9f0;--muted:#8b95a7;--faint:#596273;--blue:#8ab4ff;--green:#7ee787;--amber:#f2cc60;--red:#ff7b72}*{box-sizing:border-box}body{margin:0;background:var(--bg);color:var(--text);font:13px/1.45 -apple-system,BlinkMacSystemFont,Inter,Segoe UI,sans-serif}.app{height:100vh;display:grid;grid-template-columns:280px minmax(420px,1fr)360px;overflow:hidden}.sidebar,.right-rail{background:linear-gradient(180deg,var(--pane),var(--pane2));border-color:var(--line);min-height:0}.sidebar{border-right:1px solid var(--line);padding:12px 10px;display:flex;flex-direction:column;gap:8px}.right-rail{border-left:1px solid var(--line);display:flex;flex-direction:column}.traffic{height:20px;display:flex;gap:7px;align-items:center;padding-left:4px}.traffic span{width:11px;height:11px;border-radius:99px;background:#3d4450}.traffic span:nth-child(1){background:#ff5f57}.traffic span:nth-child(2){background:#febc2e}.traffic span:nth-child(3){background:#28c840}button{font:inherit;color:var(--text);background:transparent;border:0;cursor:pointer}.nav{height:30px;text-align:left;border-radius:7px;padding:0 9px;color:var(--muted);display:flex;align-items:center;justify-content:space-between}.nav:hover,.nav.primary{background:#1a2230;color:var(--text)}kbd{font-size:10px;color:var(--faint);border:1px solid var(--line);border-radius:4px;padding:1px 4px}.search input,.palette input{width:100%;background:#080b10;border:1px solid var(--line);color:var(--text);border-radius:8px;padding:8px 10px;outline:none}.side-section{min-height:0}.side-section h3,.rail-panel h3{font-size:11px;text-transform:uppercase;letter-spacing:.08em;color:var(--faint);font-weight:600;margin:10px 4px 6px}.empty{color:var(--faint);padding:7px 8px}.sessions{flex:1;overflow:auto}.session-row{display:grid;gap:2px;width:100%;padding:8px;border-radius:8px;text-align:left}.session-row:hover,.session-row.active{background:#19202b}.session-row strong{font-size:13px;white-space:nowrap;overflow:hidden;text-overflow:ellipsis}.session-row small{color:var(--faint)}.chat-pane{min-width:0;display:flex;flex-direction:column;background:#090c12}.titlebar{height:44px;display:flex;align-items:center;gap:10px;border-bottom:1px solid var(--line);padding:0 12px;-webkit-app-region:drag}.titlebar button,.composer button,.tabs button{border:1px solid var(--line);background:#111722;border-radius:7px;padding:6px 9px;-webkit-app-region:no-drag}.session-title{min-width:0;flex:1;display:grid}.session-title strong{white-space:nowrap;overflow:hidden;text-overflow:ellipsis}.session-title small{color:var(--faint);font-size:11px}.status{display:flex;gap:8px}.thread{flex:1;overflow:auto;padding:20px;display:flex;flex-direction:column;gap:14px}.intro{margin:auto;text-align:center;color:var(--muted);max-width:440px}.orb{margin:0 auto 12px;width:58px;height:58px;border-radius:18px;border:1px solid #2c5f9f;display:grid;place-items:center;color:var(--blue);font-size:26px;background:radial-gradient(circle,#172844,#0b111b)}.intro h1{margin:0;color:var(--text);font-size:30px}.msg{max-width:850px;border:1px solid var(--line);border-radius:12px;padding:12px 14px;white-space:pre-wrap;background:#10161f}.msg.user{align-self:flex-end;background:#132016;border-color:#294a31}.msg.assistant{align-self:flex-start}.msg .role{display:block;color:var(--faint);font-size:11px;text-transform:uppercase;margin-bottom:5px}.composer{border-top:1px solid var(--line);background:#0b0f15;padding:12px;display:grid;gap:8px}.chips{display:flex;gap:6px}.chips button{color:var(--muted);font-size:12px;padding:4px 7px}textarea{width:100%;resize:vertical;min-height:78px;background:#070a0f;border:1px solid var(--line);border-radius:10px;color:var(--text);padding:12px;font:14px/1.4 ui-monospace,SFMono-Regular,Menlo,monospace;outline:none}.compose-actions{display:flex;align-items:center;justify-content:space-between;color:var(--faint);font-size:12px}.tabs{height:44px;border-bottom:1px solid var(--line);display:flex;align-items:end;padding:0 8px}.tabs button{border-bottom-left-radius:0;border-bottom-right-radius:0;color:var(--muted)}.tabs button.active{color:var(--text);border-color:var(--blue)}.rail-panel{display:none;min-height:0;overflow:auto;padding:10px}.rail-panel.active{display:block}.rail-panel ul{padding-left:18px}.rail-panel li{margin:6px 0;color:var(--muted)}.rail-panel li.ok{color:var(--green	ask	true	approved	machine/config/credential change requires explicit approval
217	run shell command: python3 - <<'PY' from pathlib import Path p=Path('vanta-ts/src/desktop/server.ts') s=p.read_text() # rewrite server.ts fully for coherence p.write_text(r'''import http from "node:http"; import { createConversation, type StreamEvent } from "../agent.js"; import { buildSummarizer, prepareRun, writeRunMemory } from "../session.js"; import { desktopHtml } from "./page.js"; import { listSessions, loadSession, newSessionId, saveSession } from "../sessions/store.js"; import { PROVIDER_CATALOG } from "../providers/catalog.js"; import { resolveProvider } from "../providers/index.js"; import { upsertEnv, envPath } from "../setup.js"; import { listRepoFiles } from "../tui/at-context.js"; import { readFile, writeFile } from "node:fs/promises"; import { existsSync } from "node:fs"; import type { Conversation } from "../agent.js"; import type { RunSetup } from "../session.js";  export type DesktopEvent = { label: string; ok?: boolean }; export type PendingApproval = {   id: string;   action: string;   reason: string;   toolName?: string;   resolve: (approved: boolean) => void; }; export type DesktopState = {   setup?: RunSetup;   convo?: Conversation;   root: string;   sessionId?: string;   sessionStarted?: string;   currentEvents?: DesktopEvent[];   pendingApproval?: PendingApproval; };  export function eventLabel(event: StreamEvent): DesktopEvent | null {   if (event.type === "tool_start") return { label: `→ ${event.name}` };   if (event.type === "tool_end") return { label: `${event.ok ? "✓" : "✗"} ${event.name}: ${event.output.slice(0, 90)}`, ok: event.ok };   if (event.type === "note") return { label: `note: ${event.text.slice(0, 100)}` };   return null; }  async function readJson(req: http.IncomingMessage): Promise<unknown> {   const chunks: Buffer[] = [];   for await (const chunk of req) chunks.push(Buffer.from(chunk));   if (!chunks.length) return {};   return JSON.parse(Buffer.concat(chunks).toString("utf8")); }  function sendJson(res: http.ServerResponse, status: number, body: unknown): void {   res.writeHead(status, { "content-type": "application/json" });   res.end(JSON.stringify(body)); }  async function requestWebApproval(state: DesktopState, action: string, reason: string, toolName?: string): Promise<boolean> {   if (state.pendingApproval) return false;   return new Promise<boolean>((resolve) => {     state.pendingApproval = { id: `${Date.now()}`, action, reason, toolName, resolve };   }); }  function attachConversation(state: DesktopState, setup: RunSetup, history?: Parameters<typeof createConversation>[2]): void {   state.convo = createConversation(setup.systemPrompt, {     provider: setup.provider,     safety: setup.safety,     registry: setup.registry,     root: state.root,     requestApproval: (action, reason, toolName) => requestWebApproval(state, action, reason, toolName),     maxIterations: Number(process.env.ARGO_MAX_ITER) || undefined,     summarize: buildSummarizer(setup.provider),     activeGoalText: setup.goals.find((g) => g.status === "active")?.text,     onEvent: (event) => {       const label = eventLabel(event);       if (label) state.currentEvents?.push(label);     },   }, history); }  async function ensureDesktopConversation(state: DesktopState): Promise<Required<Pick<DesktopState, "setup" | "convo" | "root">> & DesktopState> {   if (!state.setup) state.setup = await prepareRun(state.root, "desktop interface session");   if (!state.sessionId) {     state.sessionId = newSessionId();     state.sessionStarted = new Date().toISOString();   }   if (!state.convo) attachConversation(state, state.setup);   return state as Required<Pick<DesktopState, "setup" | "convo" | "root">> & DesktopState; }  async function persistActiveSession(state: DesktopState): Promise<void> {   if (!state.convo || !state.sessionId) return;   await saveSession(state.sessionId, state.convo.messages, {     started: state.sessionStarted,   }); }  async function handleStatus(state: DesktopState, res: http.ServerResponse): Promise<void> {   const live = await ensureDesktopConversation(state);   const goals = await live.setup.safety.getGoals().catch(() => live.setup.goals);   sendJson(res, 200, {     kernel: "online",     model: live.setup.provider.modelId(),     provider: process.env.ARGO_PROVIDER ?? "openai",     tools: live.setup.registry.list().length,     sessionId: live.sessionId,     goals: goals.filter((g) => g.status === "active"),   }); }  async function handleSessions(res: http.ServerResponse): Promise<void> {   sendJson(res, 200, await listSessions(process.env)); }  async function handleNewSession(state: DesktopState, res: http.ServerResponse): Promise<void> {   const setup = state.setup ?? await prepareRun(state.root, "desktop interface session");   state.setup = setup;   state.sessionId = newSessionId();   state.sessionStarted = new Date().toISOString();   attachConversation(state, setup);   sendJson(res, 200, { id: state.sessionId }); }  async function handleOpenSession(state: DesktopState, req: http.IncomingMessage, res: http.ServerResponse): Promise<void> {   const body = await readJson(req) as { id?: unknown };   const id = typeof body.id === "string" ? body.id : "";   const session = id ? await loadSession(id, process.env) : null;   if (!session) return sendJson(res, 404, { error: "session not found" });   const setup = state.setup ?? await prepareRun(state.root, "desktop interface session");   state.setup = setup;   state.sessionId = session.id;   state.sessionStarted = session.started;   attachConversation(state, setup, { history: session.messages });   sendJson(res, 200, { id: session.id, title: session.title, messages: session.messages.filter((m) => m.role !== "system") }); }  async function handleTools(state: DesktopState, res: http.ServerResponse): Promise<void> {   const live = await ensureDesktopConversation(state);   sendJson(res, 200, live.setup.registry.schemas().map((t) => ({ name: t.name, desc: t.description }))); }  async function handleFiles(state: DesktopState, res: http.ServerResponse): Promise<void> {   const files = await listRepoFiles(state.root, 3);   sendJson(res, 200, files.slice(0, 400)); }  async function handleModels(res: http.ServerResponse): Promise<void> {   sendJson(res, 200, PROVIDER_CATALOG.map((p) => ({     id: p.id,     label: p.label,     short: p.short,     defaultModel: p.defaultModel,     models: p.models,     current: p.id === (process.env.ARGO_PROVIDER ?? "openai"),   }))); }  async function handleSetModel(state: DesktopState, req: http.IncomingMessage, res: http.ServerResponse): Promise<void> {   const body = await readJson(req) as { provider?: unknown; model?: unknown };   const provider = typeof body.provider === "string" ? body.provider : "";   const model = typeof body.model === "string" ? body.model : "";   if (!provider || !model) return sendJson(res, 400, { error: "provider and model are required" });   process.env.ARGO_PROVIDER = provider;   process.env.ARGO_MODEL = model;   try {     const existing = existsSync(envPath(state.root)) ? await readFile(envPath(state.root), "utf8") : "";     await writeFile(envPath(state.root), upsertEnv(existing, { ARGO_PROVIDER: provider, ARGO_MODEL: model }), { mode: 0o600 });     const next = resolveProvider(process.env);     state.convo?.setProvider(next, buildSummarizer(next));     sendJson(res, 200, { provider, model });   } catch (err: unknown) {     sendJson(res, 400, { error: err instanceof Error ? err.message : String(err) });   } }  async function handleApproval(state: DesktopState, req: http.IncomingMessage, res: http.ServerResponse): Promise<void> {   if (req.method === "GET") {     const p = state.pendingApproval;     return sendJson(res, 200, p ? { id: p.id, action: p.action, reason: p.reason, toolName: p.toolName } : null);   }   const body = await readJson(req) as { id?: unknown; approved?: unknown };   const p = state.pendingApproval;   if (!p || body.id !== p.id) retu	ask	true	approved	machine/config/credential change requires explicit approval
218	run shell command: python3 - <<'PY' from pathlib import Path p=Path('vanta-ts/src/desktop/page.ts') s=p.read_text() # targeted replacements to avoid full huge rewrite s=s.replace('<button class="nav primary" data-action="new">◇ New session <kbd>⌘N</kbd></button>', '<button id="newSession" class="nav primary">◇ New session <kbd>⌘N</kbd></button>') s=s.replace('<button id="modelBtn">model…</button><button id="ccBtn">Command Center</button>', '<button id="modelBtn">model…</button><button id="ccBtn">Command Center</button>') s=s.replace('<section id="preview" class="rail-panel active"><h3>Activity</h3><ul id="events"><li>No tool activity yet.</li></ul></section>', '<section id="preview" class="rail-panel active"><h3>Preview</h3><div class="previewbar"><input id="previewUrl" placeholder="https:// or file path…" /><button id="openPreview">Open</button></div><iframe id="previewFrame" title="Preview"></iframe><h3>Activity</h3><ul id="events"><li>No tool activity yet.</li></ul></section>') s=s.replace('<section id="terminal" class="rail-panel"><h3>Terminal</h3><pre>Persistent PTY is next. Current desktop denies risky approvals until the approval UI ships.</pre></section>', '<section id="terminal" class="rail-panel"><h3>Terminal</h3><form id="terminalForm" class="terminalForm"><input id="terminalCmd" placeholder="pwd, git status, npm test…" /><button>Run</button></form><pre id="terminalOut">Commands are kernel-gated. Approval requests appear as modals.</pre></section>') s=s.replace('<div id="palette" class="overlay hidden"><div class="palette"><input id="paletteSearch" placeholder="Search commands and settings…" /><div id="paletteItems"></div></div></div>', '<div id="palette" class="overlay hidden"><div class="palette"><input id="paletteSearch" placeholder="Search commands and settings…" /><div id="paletteItems"></div></div></div>\n<div id="modelOverlay" class="overlay hidden"><div class="palette"><input id="modelSearch" placeholder="Search models…" /><div id="modelItems"></div></div></div>\n<div id="approvalOverlay" class="overlay hidden"><div class="approval"><h2>Approval needed</h2><p id="approvalReason"></p><pre id="approvalAction"></pre><div><button id="denyApproval">Deny</button><button id="approveApproval">Approve</button></div></div></div>') # add css for new controls before @media s=s.replace('@media(max-width:1050px)', '.previewbar,.terminalForm{display:flex;gap:6px;margin-bottom:8px}.previewbar input,.terminalForm input{min-width:0;flex:1;background:#080b10;border:1px solid var(--line);border-radius:7px;color:var(--text);padding:7px}#previewFrame{width:100%;height:220px;border:1px solid var(--line);border-radius:10px;background:#05070a}.file-row{display:block;width:100%;text-align:left;color:var(--muted);padding:4px 2px;border-radius:4px}.file-row:hover{background:#19202b;color:var(--text)}#terminalOut{min-height:240px;white-space:pre-wrap;background:#05070a;border:1px solid var(--line);border-radius:10px;padding:10px;color:var(--muted)}.approval{width:min(560px,calc(100vw - 32px));background:#111722;border:1px solid var(--amber);border-radius:14px;padding:18px;box-shadow:0 30px 90px #000a}.approval pre{white-space:pre-wrap;background:#070a0f;border:1px solid var(--line);border-radius:8px;padding:10px;color:var(--text)}.approval div{display:flex;justify-content:flex-end;gap:8px}@media(max-width:1050px)') old="""function desktopJs(): string {\n  return `const $=s=>document.querySelector(s);const $$=s=>[...document.querySelectorAll(s)];const state={sessions:[],tools:[],status:null,queued:[]};function esc(s){return String(s??'').replace(/[&<>]/g,c=>({'&':'&amp;','<':'&lt;','>':'&gt;'}[c]))}function msg(role,text){$('.intro')?.remove();const d=document.createElement('article');d.className='msg '+(role==='You'?'user':'assistant');d.innerHTML='<span class=\"role\">'+esc(role)+'</span>'+esc(text);$('#thread').appendChild(d);$('#thread').scrollTop=$('#thread').scrollHeight}async function json(url,opts){const r=await fetch(url,opts);const j=await r.json();if(!r.ok)throw new Error(j.error||'request failed');return j}async function refresh(){state.status=await json('/api/status');state.sessions=await json('/api/sessions');state.tools=await json('/api/tools');$('#modelBtn').textContent=state.status.model;$('#cwd').textContent=state.status.kernel+' · '+state.status.tools+' tools';renderSessions();renderTools();renderCommandCenter('system')}function renderSessions(){const q=$('#sessionSearch').value.toLowerCase();const list=state.sessions.filter(s=>(s.title+' '+s.id).toLowerCase().includes(q));$('#sessionCount').textContent=list.length;$('#sessions').innerHTML=list.map((s,i)=>'<button class=\"session-row '+(i===0?'active':'')+'\"><strong>'+esc(s.title)+'</strong><small>'+esc(s.turns+' turns · '+new Date(s.updated).toLocaleString())+'</small></button>').join('')||'<div class=\"empty\">No sessions yet</div>'}function renderTools(){const groups={};for(const t of state.tools){const g=t.name.split('_')[0];(groups[g]??=[]).push(t)}$('#tools').innerHTML=Object.entries(groups).map(([g,items])=>'<h3>'+esc(g)+'</h3>'+items.map(t=>'<div class=\"tool-row\"><span>'+esc(t.name)+'</span><small>'+esc(t.desc)+'</small></div>').join('')).join('')}function events(items){$('#events').innerHTML=(items?.length?items:[{label:'No tool activity.'}]).map(e=>'<li class=\"'+(e.ok===false?'bad':e.ok===true?'ok':'')+'\">'+esc(e.label)+'</li>').join('')}async function send(text){msg('You',text);events([{label:'thinking…'}]);$('#send').disabled=true;try{const r=await json('/api/chat',{method:'POST',headers:{'content-type':'application/json'},body:JSON.stringify({message:text})});events(r.events);msg('Vanta',r.finalText||'(no text)');await refresh()}catch(e){events([{label:e.message,ok:false}]);msg('Vanta',e.message)}finally{$('#send').disabled=false;$('#input').focus()}}function palette(){const items=[['New session','Start a fresh chat'],['Command Center','Sessions, system, usage'],['Skills & Tools','Browse callable tools'],['Settings','Model and provider settings'],['Toggle right rail','Preview/files/terminal']];$('#paletteItems').innerHTML='<div class=\"pal-group\"><h4>Go to</h4>'+items.map(x=>'<button class=\"pal-item\" data-pal=\"'+x[0]+'\"><span>'+x[0]+' — '+x[1]+'</span></button>').join('')+'</div>';$('#palette').classList.remove('hidden');$('#paletteSearch').focus()}function renderCommandCenter(sec='system'){if(!$('#commandCenter').classList.contains('hidden')) $$('#commandCenter aside button').forEach(b=>b.classList.toggle('active',b.dataset.sec===sec));if(sec==='sessions'){$('#ccBody').innerHTML='<h2>Sessions</h2>'+state.sessions.map(s=>'<p><b>'+esc(s.title)+'</b><br><small>'+esc(s.id+' · '+s.turns+' turns')+'</small></p>').join('')}else if(sec==='usage'){$('#ccBody').innerHTML='<h2>Usage</h2><div class=\"stat-grid\"><div class=\"stat\"><b>local</b><span>cost view pending</span></div><div class=\"stat\"><b>'+state.sessions.length+'</b><span>sessions</span></div><div class=\"stat\"><b>'+state.tools.length+'</b><span>tools</span></div></div>'}else{$('#ccBody').innerHTML='<h2>System</h2><div class=\"stat-grid\"><div class=\"stat\"><b>'+esc(state.status?.kernel||'unknown')+'</b><span>kernel</span></div><div class=\"stat\"><b>'+esc(state.status?.model||'unknown')+'</b><span>model</span></div><div class=\"stat\"><b>'+esc(state.status?.tools||0)+'</b><span>tools</span></div></div><h3>Active goals</h3>'+(state.status?.goals?.map(g=>'<p>'+esc(g.text)+'</p>').join('')||'<p>No active goals</p>')}}$('#composer').addEventListener('submit',e=>{e.preventDefault();const text=$('#input').value.trim();if(!text)return;$('#input').value='';send(text)});$('#input').addEventListener('keydown',e=>{if(e.key==='Enter'&&!e.shiftKey){e.preventDefault();$('#composer').requestSubmit()}if(e.key==='Escape')events([{label:'cancel requested'}])});$('#sessionSearch').addEventListener('input',renderSessions);$('#paletteBtn').onclic	ask	true	approved	machine/config/credential change requires explicit approval
219	run shell command: cat > vanta-ts/src/desktop/native-shell.md <<'EOF' # Vanta Desktop native shell path  Current command:  ```bash npm run vanta -- desktop ```  This starts the Hermes-style local desktop surface at `http://127.0.0.1:7790`.  ## What is live now  - session sidebar with search + open/new session - central chat thread + composer - model picker overlay backed by `PROVIDER_CATALOG` - approval modal for kernel `ask` actions - right rail: preview iframe, file/context list, gated terminal command runner - command palette (`Cmd/Ctrl+K`) - command center (`Cmd/Ctrl+.`): sessions/system/usage skeleton  ## Native app next  Preferred shell: Tauri if we want small/mac-native; Electron if we want Hermes parity fastest (`webview`, `node-pty`, builder ecosystem).  Minimal native wrapper requirements:  1. launch `vanta desktop --no-open` or equivalent child process 2. open a native window to the local URL 3. forward close/restart events cleanly 4. expose file picker, directory picker, clipboard image paste, and PTY bridge 5. package/sign only after approval prompt flow is stable  Do not claim packaged desktop is shipped until a real native shell builds and opens the current local server. EOF python3 - <<'PY' from pathlib import Path p=Path('vanta-ts/src/desktop/CLAUDE.md') s=p.read_text() if 'native-shell.md' not in s:     s += '\nSee `native-shell.md` for the packaging path and honest shipped/not-shipped boundary.\n' p.write_text(s) PY cd vanta-ts && npx vitest run src/desktop/server.test.ts && npx tsc --noEmit && echo verified	ask	true	approved	action may touch outside the approved Nexarion Agent folder
220	write file ~/Desktop/Vanta Desktop Interface Chat Handoff.md	ask	true	approved	action may touch outside the approved Nexarion Agent folder
221	run shell command: brew install cowsay	ask	true	denied	machine/config/credential change requires explicit approval
222	write file ~/Desktop/Vanta Desktop App Completion Plan.md	ask	true	approved	action may touch outside the approved Nexarion Agent folder
223	run shell command: brew install cowsay	ask	true	denied	machine/config/credential change requires explicit approval
224	write file ~/Desktop/webshit.html	ask	true	approved	action may touch outside the approved Nexarion Agent folder
225	run shell command: brew install cowsay	ask	true	denied	machine/config/credential change requires explicit approval
226	run shell command: brew install cowsay	ask	true	denied	machine/config/credential change requires explicit approval
227	run shell command: brew install cowsay	ask	true	denied	machine/config/credential change requires explicit approval
228	run shell command: brew install cowsay	ask	true	denied	machine/config/credential change requires explicit approval
229	write file ~/Desktop/Vanta Hermes Parity Plus Recommendations.md	ask	true	approved	action may touch outside the approved Nexarion Agent folder
230	run shell command: brew install cowsay	ask	true	denied	machine/config/credential change requires explicit approval
231	run shell command: brew install cowsay	ask	true	denied	machine/config/credential change requires explicit approval
232	run shell command: brew install cowsay	ask	true	denied	machine/config/credential change requires explicit approval
233	run shell command: brew install cowsay	ask	true	denied	machine/config/credential change requires explicit approval
234	run shell command: brew install cowsay	ask	true	denied	machine/config/credential change requires explicit approval
235	run shell command: brew install cowsay	ask	true	denied	machine/config/credential change requires explicit approval
236	run shell command: brew install cowsay	ask	true	denied	machine/config/credential change requires explicit approval
237	run shell command: brew install cowsay	ask	true	denied	machine/config/credential change requires explicit approval
238	run shell command: brew install cowsay	ask	true	denied	machine/config/credential change requires explicit approval
239	run shell command: brew install cowsay	ask	true	denied	machine/config/credential change requires explicit approval
240	run shell command: brew install cowsay	ask	true	denied	machine/config/credential change requires explicit approval
241	run shell command: brew install cowsay	ask	true	denied	machine/config/credential change requires explicit approval
242	run shell command: brew install cowsay	ask	true	denied	machine/config/credential change requires explicit approval
243	run shell command: brew install cowsay	ask	true	denied	machine/config/credential change requires explicit approval
244	run shell command: brew install cowsay	ask	true	denied	machine/config/credential change requires explicit approval
